{
  "company_name": "ManpowerGroup Services India Pvt Ltd.",
  "address": "Metro Pillar Number 98, Vatika City Point, 6th Floor,\\\\Mehrauli-Gurgaon Rd, Sector 25,\\\\Gurugram, Haryana 122002",
  "cin": "U74910DL1997PTC085591",
  "phone": "+91 – 124 - 6795400",
  "website": "www.manpowergroup.com",
  "logo_path": "resources/mpg-logo.jpg",
  "footer_text": "This document is confidential and intended solely for the use of the individual or entity to whom it is addressed.",
  "date": "January 20, 2024",
  "candidate_name": "John Doe",
  "work_location": "Gurgaon",
  "subject": "OFFER FOR FIXED TERM CONTRACT",
  "opening_message": "Congratulations on your new assignment with Manpower services.",
  "position_title": "Senior Software Engineer",
  "client_name": "ABC Technologies",
  "start_date": "February 1, 2024",
  "end_date": "January 31, 2025",
  "ctc_currency": "INR",
  "ctc_amount": "12,00,000",
  "terms_and_conditions": "Any statutory dues like PF, ESI, Bonus etc, if applicable, will be Paid / Deducted as per law.\\\\\\\\All taxes will be deducted as applicable by law.",
  "tax_notice": "All taxes will be deducted as applicable by law.",
  "acceptance_instructions": "If you wish to accept this offer, kindly send the accepted copy of the same along with a copy of your accepted resignation letter or relieving letter (if applicable). In case the signed acceptance and required documents are not received by Manpower within 7 days of the offer date, Manpower at their discretion reserve their right to treat this offer as withdrawn automatically without further notice.",
  "authorized_signatory_name": "Ravi Kumar",
  "authorized_signatory_title": "Authorized Signatory",
  "authorized_signature_type": "text",
  "authorized_signature_content": "Ravi Kumar",
  "accepted_by_label": "Offer Accepted Signature",
  "salary_table_headers": [
    "Salary Structure",
    "Particulars",
    "\\%",
    "Gurgaon",
    "Amount (Rs.)"
  ],
  "salary_table_rows": [
    ["", "", "", "", "NEW SS"],
    ["Basic", "Provide", "", "", "45,000"],
    ["HRA", "50.00\\%", "", "", "22,500"],
    ["Bonus", "Annually", "", "", "3,750"],
    ["Other Allowance", "76.66\\%", "", "", "28,750"],
    ["EPF Contribution", "Yes", "", "", "5,400"],
    ["PF Admin Charges", "", "", "", "1,200"],
    ["EDLI Charges", "", "", "", "650"],
    ["LWF Contribution", "", "", "", "120"],
    ["Insurance Charges", "Yes", "", "", "0"],
    ["TOTAL CTC", "", "", "", "1,07,370"],
    ["", "", "", "", ""],
    ["for Employee", "", "", "", ""],
    ["Gross Salary", "", "", "", "1,00,000"],
    ["EPF Deduction", "", "", "", "2,238"],
    ["LWF Deduction", "", "", "", "34"],
    ["Take Home Salary (Pre -PT)", "", "", "", "97,728"],
    ["P.Tax as applicable in state", "", "", "", "2,500"],
    ["TAKE HOME", "", "", "", "95,228"]
  ]
} 